,Ground truth varnodes,"Varnode comparison score [0,1]",Varnodes fraction partially recovered,Varnodes fraction exactly recovered
INT,21099,0.9972392056495568,0.9986729228873407,0.9954974169391915
FLOAT,191,1.0,1.0,1.0
POINTER,9499,0.9983945678492473,0.9984208864090957,0.9983156121697021
ARRAY,2192,0.9617928832116789,0.9730839416058394,0.9543795620437956
STRUCT,2033,0.9970486965076242,1.0,0.9960649286768323
