,Varnodes matched @ level=NO_MATCH,Varnodes matched @ level=OVERLAP,Varnodes matched @ level=SUBSET,Varnodes matched @ level=ALIGNED,Varnodes matched @ level=MATCH
INT,0.0006190770989094719,0.0012857755131196725,0.0,0.00019048526120291442,0.997904662126768
FLOAT,0.0,0.0,0.0,0.0,1.0
POINTER,0.00031901318587834965,0.0,0.0,0.00010633772862611655,0.9995746490854955
ARRAY,0.0023386342376052385,0.007951356407857811,0.011225444340505144,0.0,0.9784845650140318
STRUCT,0.0009828009828009828,0.003931203931203931,0.0,0.0,0.995085995085995
UNION,0.0,0.0,0.0,0.125,0.875
