,Varnode comparison score,Varnode fraction partially recovered,Varnode fraction exactly recovered
INT,0.99836896995095,0.9993809229010905,0.997904662126768
FLOAT,1.0,1.0,1.0
POINTER,0.9996544023819651,0.9996809868141217,0.9995746490854955
ARRAY,0.9860851262862488,0.9976613657623947,0.9784845650140318
STRUCT,0.9960687960687961,0.999017199017199,0.995085995085995
UNION,0.96875,1.0,0.875
