,Varnodes matched @ level NO MATCH,Varnodes matched @ level OVERLAP,Varnodes matched @ level SUBSET,Varnodes matched @ level ALIGNED,Varnodes matched @ level MATCH
INT,0.2632903067329102,0.057075617467373475,0.0,0.4316982432785794,0.2479358325211369
FLOAT,0.26666666666666666,0.27037037037037037,0.0,0.3814814814814815,0.08148148148148149
POINTER,0.23744792034460843,0.07262905162064826,0.0,0.4663512463809053,0.223571781653838
