,NO_MATCH,OVERLAP,SUBSET,ALIGNED,MATCH
INT,0.0013270771126593678,0.0012796815014929617,0.0,0.0018958244466562397,0.9954974169391915
FLOAT,0.0,0.0,0.0,0.0,1.0
POINTER,0.0015791135909043058,0.0,0.0,0.00010527423939362039,0.9983156121697021
ARRAY,0.026916058394160582,0.007755474452554745,0.010948905109489052,0.0,0.9543795620437956
STRUCT,0.0,0.003935071323167732,0.0,0.0,0.9960649286768323
