,Varnodes matched @ level NO_MATCH,Varnodes matched @ level OVERLAP,Varnodes matched @ level SUBSET,Varnodes matched @ level ALIGNED,Varnodes matched @ level MATCH
INT,0.001095290251916758,0.002285823134434973,0.0,0.583265869803324,0.4133530168103243
FLOAT,0.0,0.2931937172774869,0.0,0.5916230366492147,0.11518324607329843
POINTER,0.004678860059549128,0.0004253509145044662,0.0,0.6205869842620162,0.37430880476393025
ARRAY,0.08465855940130963,0.27034611786716556,0.1646398503274088,0.021047708138447148,0.4593077642656688
STRUCT,0.0004914004914004914,0.37444717444717446,0.1262899262899263,0.38181818181818183,0.11695331695331695
UNION,0.0,0.125,0.25,0.625,0.0
