,Varnodes matched @ level=NO_MATCH,Varnodes matched @ level=OVERLAP,Varnodes matched @ level=SUBSET,Varnodes matched @ level=ALIGNED,Varnodes matched @ level=MATCH
INT,0.0024156877605153466,0.0022735884804850324,0.0,0.5818491852974612,0.41346153846153844
FLOAT,0.0,0.2931937172774869,0.0,0.5916230366492147,0.11518324607329843
POINTER,0.006209219111765944,0.0004209640075773521,0.0,0.6148179330667228,0.3785518838139339
ARRAY,0.10923987255348203,0.26308602639963585,0.16021847974510697,0.020482476103777878,0.44697314519799725
STRUCT,0.0004914004914004914,0.37444717444717446,0.1262899262899263,0.38181818181818183,0.11695331695331695
