,NO_MATCH,OVERLAP,SUBSET,ALIGNED,MATCH
INT,0.009011396766498807,0.0007951232441028359,0.0,0.5701033660217334,0.420090113967665
FLOAT,0.0,0.4857142857142857,0.0,0.37142857142857144,0.14285714285714285
POINTER,0.016877637130801686,0.0006027727546714888,0.0,0.6081977094635322,0.3743218806509946
ARRAY,0.45036319612590797,0.21307506053268765,0.22518159806295399,0.002421307506053269,0.1089588377723971
STRUCT,0.05621301775147929,0.47337278106508873,0.20414201183431951,0.1952662721893491,0.07100591715976332
