,NO_MATCH,OVERLAP,SUBSET,ALIGNED,MATCH
INT,0.0074211502782931356,0.0005300821627352239,0.0,0.0031804929764113437,0.9888682745825603
FLOAT,0.0,0.0,0.0,0.0,1.0
POINTER,0.009041591320072333,0.0,0.0,0.0,0.9909584086799277
ARRAY,0.14285714285714285,0.002421307506053269,0.009685230024213076,0.0,0.8450363196125908
STRUCT,0.0,0.0029585798816568047,0.0,0.0,0.9970414201183432
