,Ground truth varnodes,"Varnode comparison score [0,1]",Varnodes fraction partially recovered,Varnodes fraction exactly recovered
INT,21112,0.8504168245547555,0.9975843122394846,0.41346153846153844
FLOAT,191,0.6321989528795812,1.0,0.11518324607329843
POINTER,9502,0.8397705746158703,0.993790780888234,0.3785518838139339
ARRAY,2197,0.6082157487482931,0.890760127446518,0.44697314519799725
STRUCT,2035,0.5600737100737101,0.9995085995085995,0.11695331695331695
