,Ground truth data bytes,Bytes found,Bytes missed,Bytes recovery fraction
strip,1185783,955053,230730,0.8054197100143956
standard,1185783,955053,230730,0.8054197100143956
debug,1185783,1178169,7614,0.993578926329691
