,Ground truth varnodes (metatype=ARRAY),Array comparisons,Array varnodes inferred as array,Array varnodes inferred as array fraction,Array length (elements) average error,Array length (elements) average error ratio,Array size (bytes) average error,Array size (bytes) average error ratio,"Array dimension match score [0,1]","Array average element type comparison score [0,1]"
strip,2138,823,774,0.36202057998129095,134.69501822600242,2.8446317063407047,458.57472660996353,0.9119246347466897,0.9793438639125152,0.781287970838396
standard,2138,1579,1530,0.715622076707203,151.15579480683976,5.441502149663331,239.02279924002534,0.47475552526695736,0.9746675110829639,0.6698332277812963
debug,2138,2226,2128,0.9953227315247896,9.415992812219228,0.10966601376806172,9.415992812219228,0.10966601376806172,1.0,0.9995507637017071
