,Varnodes matched @ level=NO_MATCH,Varnodes matched @ level=OVERLAP,Varnodes matched @ level=SUBSET,Varnodes matched @ level=ALIGNED,Varnodes matched @ level=MATCH,"Varnode comparison score [0,1]",Varnodes fraction partially recovered,Varnodes fraction exactly recovered
INT,23,48,0,12248,8680,0.851373874946426,0.9989047097480832,0.4133530168103243
FLOAT,0,56,0,113,22,0.6321989528795812,1.0,0.1151832460732984
POINTER,44,4,0,5836,3520,0.8398553806890685,0.9953211399404508,0.3743088047639302
ARRAY,181,578,352,45,982,0.625,0.9153414405986904,0.4593077642656688
STRUCT,1,762,257,777,238,0.5600737100737101,0.9995085995085996,0.1169533169533169
UNION,0,2,4,10,0,0.625,1.0,0.0
