,Varnodes matched @ level=NO_MATCH,Varnodes matched @ level=OVERLAP,Varnodes matched @ level=SUBSET,Varnodes matched @ level=ALIGNED,Varnodes matched @ level=MATCH
INT,0.007951232441028359,0.0007951232441028359,0.0,0.5719586535913066,0.41929499072356213
FLOAT,0.0,0.4857142857142857,0.0,0.37142857142857144,0.14285714285714285
POINTER,0.0162748643761302,0.0006027727546714888,0.0,0.6088004822182037,0.3743218806509946
ARRAY,0.22276029055690072,0.2033898305084746,0.15254237288135594,0.01937046004842615,0.4019370460048426
STRUCT,0.0,0.40828402366863903,0.14497041420118342,0.34911242603550297,0.09763313609467456
