,"Varnode comparison score [0,1]",Varnodes fraction partially recovered,Varnodes fraction exactly recovered
INT,0.8498499928568027,0.9968569931901519,0.41340063812562505
FLOAT,0.6321989528795812,1.0,0.11518324607329843
POINTER,0.8389515099957465,0.9943641003828159,0.37356444066354744
ARRAY,0.31524789522918617,0.6590271281571563,0.10664172123479888
STRUCT,0.4192874692874693,0.9253071253071253,0.052088452088452086
UNION,0.625,1.0,0.0
